{"cameraMode":{"drawMode":0,"name":"Shaded","section":"Shading Mode"},"sceneLighting":true,"audioPlay":false,"sceneViewState":{"showFog":true,"showMaterialUpdate":false,"showSkybox":true,"showFlares":true,"showImageEffects":true,"showParticleSystems":true},"in2DMode":false,"pivot":{"x":0.19839705526828767,"y":-0.13898831605911256,"z":0.3535640835762024},"rotation":{"x":0.036258429288864139,"y":-0.7732195258140564,"z":0.04434338957071304,"w":0.6315942406654358},"size":3.6125354766845705,"orthographic":false}