{"cameraMode":{"drawMode":0,"name":"Shaded","section":"Shading Mode"},"sceneLighting":true,"audioPlay":false,"sceneViewState":{"showFog":true,"showMaterialUpdate":false,"showSkybox":true,"showFlares":true,"showImageEffects":true,"showParticleSystems":true},"in2DMode":false,"pivot":{"x":0.02257131040096283,"y":0.35946419835090639,"z":0.4902925491333008},"rotation":{"x":0.0019458688329905272,"y":-0.9980484247207642,"z":0.04975267872214317,"w":0.03836717829108238},"size":8.245272636413575,"orthographic":false}