{"cameraMode":{"drawMode":0,"name":"Shaded","section":"Shading Mode"},"sceneLighting":true,"audioPlay":false,"sceneViewState":{"showFog":true,"showMaterialUpdate":false,"showSkybox":true,"showFlares":true,"showImageEffects":true,"showParticleSystems":true},"in2DMode":false,"pivot":{"x":69.3858642578125,"y":-13.549787521362305,"z":36.74751281738281},"rotation":{"x":-0.0585654079914093,"y":0.08435094356536865,"z":-0.004967144690454006,"w":-0.9947038888931274},"size":2056.169921875,"orthographic":false}